{
    "LifeExpectation": [
        0,
        800,
        800,
        800,
        800
    ],
    "Weight": [
        0,
        100,
        300,
        30,
        600
    ],
    "MutationAmount": [
        0.0,
        0.10000000149011612,
        0.5,
        0.009999999776482582,
        1.0
    ],
    "MutationChance": [
        0.0,
        0.05000000074505806,
        0.20000000298023225,
        0.009999999776482582,
        0.5
    ],
    "EatingSpeed": [
        0.0,
        1.0,
        1.0,
        1.0,
        1.0
    ],
    "Carnivore": [
        0.0,
        0.10000000149011612,
        0.8999999761581421,
        0.0,
        1.0
    ],
    "VisualRadius": [
        0,
        100,
        300,
        10,
        1000
    ],
    "NumRaycasts": [
        0,
        5,
        5,
        5,
        5
    ],
    "AngleBetweenRaycasts": [
        0,
        5,
        30,
        1,
        70
    ],
    "HiddenLayer": [
        0,
        2,
        2
    ],
    "MaxNeurons": [
        0,
        63,
        63
    ],
    "MinNeurons": [
        0,
        63,
        63
    ],
    "MovementSpeed": [
        0,
        1,
        10,
        1,
        40
    ],
    "SexualMaturity": [
        0,
        40,
        80,
        40,
        80
    ],
    "Menopause": [
        0,
        10,
        10,
        10,
        10
    ],
    "LitterSize": [
        0,
        3,
        10,
        1,
        30
    ]
}