{
    "Subspecies": "No name",
    "NetworkShape": [
        19,
        3,
        6
    ],
    "Weights": [
        0.0,
        0.0,
        0.0,
        0.0,
        0.0,
        0.0,
        0.0,
        0.0,
        0.0,
        0.0,
        0.0,
        0.0,
        0.0,
        -0.04243974760174751,
        0.0,
        0.0,
        0.0,
        0.0,
        0.0,
        0.0,
        0.0,
        0.0,
        0.0,
        0.0,
        0.0,
        0.0,
        0.0,
        0.0,
        0.0,
        0.0,
        0.0,
        0.0,
        0.0,
        0.0,
        0.0,
        0.0,
        0.0,
        0.0,
        0.0,
        0.0,
        -0.06849634647369385,
        0.0,
        0.0,
        0.0,
        0.0,
        0.0,
        0.0,
        0.0,
        0.0,
        0.0,
        0.0,
        0.0,
        0.0,
        0.0,
        0.0,
        0.0,
        0.0,
        0.0,
        0.0,
        0.0,
        -0.12507636845111848,
        0.0,
        0.0,
        0.0,
        0.0,
        0.0,
        0.0,
        0.0,
        0.0,
        0.0,
        0.0,
        0.0,
        0.0,
        0.0,
        0.0
    ],
    "Biases": [
        0.0,
        0.0,
        0.0,
        0.0,
        0.0,
        0.0,
        0.0,
        0.0,
        0.0
    ],
    "Inputs": [
        19,
        3
    ],
    "Neurons": [
        3,
        6
    ],
    "LifeExpectation": [
        791,
        500,
        800
    ],
    "Weight": [
        260,
        100,
        300
    ],
    "MutationAmount": [
        0.21486444771289826,
        0.20000000298023225,
        0.800000011920929
    ],
    "MutationChance": [
        0.09466175734996796,
        0.05000000074505806,
        0.20000000298023225
    ],
    "EatingSpeed": [
        1.0,
        1.0,
        1.0
    ],
    "VisualRadius": [
        315,
        200,
        400
    ],
    "NumRaycasts": [
        2,
        1,
        3
    ],
    "AngleBetweenRaycasts": [
        8,
        5,
        30
    ],
    "HiddenLayer": [
        1,
        1,
        3
    ],
    "MaxNeurons": [
        3,
        3,
        4
    ],
    "MinNeurons": [
        2,
        2,
        2
    ],
    "MovementSpeed": [
        6,
        5,
        12
    ],
    "SexualMaturity": [
        161,
        160,
        180
    ],
    "Menopause": [
        6,
        5,
        8
    ],
    "LitterSize": [
        2,
        2,
        5
    ]
}